College Name,Email ID
CVR College of Engineering,"cvrprincipal2001@gmail.com, ksatirajanayanathara@cvr.ac.in"
G. Narayanamma Institute of Technology & Science (For Women),"principal@gnits.ac.in, kollirameshreddy@yahoo.com"
Geethanjali College of Engineering & Technology,"ukusarla@gmail.com, info@gcet.edu.in"
Gokaraju Rangaraju Institute of Engineering & Technology,"info@griet.ac.in, principal@griet.ac.in, praveen_jugge@yahoo.co.in"
Guru Nanak Institutions Technical Campus,"vc@gnindia.org, director.gnitc@gnindia.org, mrl_reddy2001@yahoo.co.in"
Institute of Aeronautical Engineering,"chairman@iare.ac.in, principal@iare.ac.in, lvnprasad@yahoo.com"
J. B. Institute of Engineering & Technology,"krishnarao_jv@rediffmail.com, principal@jbit.edu.in"
Sri Indu College of Engineering and Technology,"induprincipal@gmail.com, sureshgeorgesriindu@gmail.com"
Sreenidhi Institute of Science & Technology,"principal@sreenidhi.edu.in, tshiva@rediffmail.com"
St. Martin's Engineering College,"principal@smec.ac.in, drpskpatra@gmail.com"
St. Peter’s Engineering College,"principal@stpetershyd.com, latha.dharani@gmail.com"
TKR College of Engineering & Technology,"principal@tkrec.ac.in, shankardasari64@gmail.com"
Vaagdevi College of Engineering,"principal@vaagdevi.edu.in, prakashkams@gmail.com"
Annamacharya Institute of Technology & Sciences,"principalait@gmail.com, krishnamurthy_venkata@yahoo.co.in"
Anubose Institute of Technology,"abijntu@gmail.com, nvsubbarao@rediffmail.com"
Anurag College of Engineering,"principal@anuraghyd.ac.in, jammiashok.1@gmail.com"
Anurag Pharmacy College,"principal.pharmacy@anurag.ac.in, eswarphd@gmail.com"
Arjun College of Technology & Sciences,"jmcupalla@yahoo.co.in, principalscts@gmail.com"
Ashoka Institute of Engineering & Technology,siriel@gmail.com
Avanthi Institute of Engineering & Technology,"director.avanthi@gmail.com, principal.avanthi@gmail.com"
Avanthi Institute of Pharmaceutical Sciences,"principalqn@gmail.com, kavitb@yahoo.com"
Avanthi’s Post Graduate & Research Academy,"principalapra@gmail.com, sh_azmal@yahoo.com"
Avanthi’s Scientific Technological & Research Academy,asraprincipal@gmail.com
AVN Institute of Engineering and Technology,"principal@avniet.ac.in, kamathmk@gmail.com"
Azad College of Engineering and Technology,"asecollege@yahoo.co.in, prakash6207@gmail.com"
Azad College of Pharmacy,"kp_pharma@yahoo.com, kp_pharma@gmail.com"
Annamacharya Institute of Technology & Sciences,principalait@gmail.com
Anubose Institute of Technology,"bharath.tlasalla@gmail.com, ajitbujt@gmail.com, nvsubbarao@rediffmail.com"
Anurag College of Engineering,"rajeshwar_palla@yahoo.com, principal@anuraghy.ac.in, jammiashok.1@gmail.com"
,
Arjun College of Technology & Sciences,"papara.parimi@gmail.com, jncupala@yahoo.co.in, principalacts@gmail.com"
Ashoka Institute of Engineering & Technology,"secretary.ashoka@gmail.com, siril@gmail.com"
Avanthi Institute of Engineering & Technology,"nallamreddy.sairam@gmail.com, director.avanthi@gmail.com, principal.avanth@gmail.com"
,
Avanthi’s Post Graduate & Research Academy,"nallamreddy.sairam@gmail.com, principalapra@gmail.com, sh_azmal@yahoo.com"
Avanthi’s Scientific Technological & Research Academy,"nallamreddy.sairam@gmail.com, asraprincipal@gmail.com"
AN Institute of Engineering and Technology,"av.n.chairman@gmail.com, principal@avni.et.ac.in, thislas@yahoo.com"
Azad College of Engineering and Technology,"aescollege@yahoo.co.in, prakash6207@gmail.com"
,
Bhaskar Engineering College,"krishna_rao_jv@rediffmail.com, principal@bec.edu.in, ukchavan@gmail.com"
,
Bhoj Reddy Engineering College for Women,"ramareddy.secretary@gmail.com, principal.brew32@gmail.com, madhavaceto17@gmail.com"
,
B.S.Abdur Rahman Crescent Institute of Science & Technology,"director.iqac@crescent.education , dean_acad@crescent.education , mmismail@crescent.education"
,
,
,
Daripally Anantha Ramulu College of Engineering & Technology,"daripallyanantharamulu@gmail.com, kiran.daripally@gmail.com"
,
Dr. V.R.K Women’s College of Engineering & Technology,"pro.vrwk@gmail.com, principal@vrwk.com, thislas@yahoo.com"
DRK College of Engineering and Technology,"drksaco@gmail.com, principal@drkcet.edu.in, aninitta@gmail.com"
DRK Institute of Science & Technology,"drksaco@gmail.com, principal.n7@gmail.com, kvsubaiah@gmail.com"
Global Institute of Engineering & Technology,"fash.km23@gmail.com, principal.u6.iet@gmail.com, mescivalingam@gmail.com"
,
Guru Nanak Institute of Technology,"gskinhdy@yahoo.co.in, principal.gnit@onindia.org, sreenath_sakamm@yahoo.co.in"
,
Holy Mary Institute of Technology & Science,"vc@hmgit.ac.in, principal.hitscoe@gmail.com, phbaskarareddy@rediffmail.com"
,
"Joginpally B, R, Engineering College","jogenpally@gmail.com, principal@jbrec.edu.in, valsani_usha1@yahoo.com"
,
Jyothishmathi Institute of Technological Sciences,"secretary@jits.ac.in, principal@jits.edu.in, vaishal5599@gmail.com"
Jyothishmathi Institute of Technology & Science,"secretary@jits.ac.in, principal@jits.ac.in, glnaa.68@gmail.com"
Kakatiya Institute of Technology and Science for Women,"kitswtn2@gmail.com, selvakumarraj1986@gmail.com"
Kamala Institute of Technology & Science,"vsk1@rediffmail.com, kandukrishnaker@yahoo.com"
Kasireddy Narayanreddy College of Engineering & Research,"brilliantinstitutions36@yahoo.com, knrexams@gmail.com"
Kommuri Pratap Reddy Institute of Technology,"prashanth.kommuri@kpritech.ac.in, principal@kpritech.ac.in, babloesh@gmail.com"
Kshatriya College of Engineering,"kcea_engg@yahoo.com, drajesc2014@gmail.com, rajasekharaiah.km@hmgi.ac.in"
,
Madhira Institute of Technology & Science,"preethi_madhira@yahoo.com, principalmitase@gmail.com"
Mahatma Gandhi Institute of Technology,"principal@mgit.ac.in, kotareddyvis@gmail.com"
Malla Reddy Institute of Technology,"principalmrit@gmail.com, principalmrit@gmail.com"
Malla Reddy Institute of Technology & Science,"mtits.s1@gmail.com, principalmrit@gmail.com"
,
Medak College of Engineering and Technology,medakenggcollege@gmail.com
Megha Institute of Engineering & Technology for Women,"megha.ints@gmail.com, venu_daiva@rediffmail.com, venu_daiva5@gmail.com"
Mumtaz College of Engineering and Technology,"mumtazcet@gmail.com, skmhosasin@yahoo.co.in"
Nalla Malla Reddy Engineering College,"nnrvidyanagar@gmail.com, principal@nmrec.edu.in, ramesh.nmv@gmail.com"
Nalla Narasimha Reddy Education Society’s Group of Institutions,"secretary@nnrg.edu.in, director@nnrg.edu.in, cvkreddy2@gmail.com"
Narshima Reddy Engineering College,"nnrecengineeringcollege@gmail.com, principal@nnrec.org, babups@gmail.com"
Nova College of Engineering & Technology,"secretary@nova.edu.in, principal.npg.jaff@nova.edu.in"
,
Pallavi Engineering College,"komariah@shalivahananigroup.com, principal.pallaviec@gmail.com, 19mrk75@gmail.com"
Sana Engineering College,"principalsaenae@gmail.com, sanam8kd@yahoo.co.in, baddetisyam@yahoo.com"
Scient Institute of Technology,"principal.scient@gmail.com, anil_deva@yahoo.com"
Siddhartha Institute of Technology & Sciences,"chairman.sits@gmail.com, hellosujoy@gmail.com, principal.siddhartha@gmail.com"
,
SLC’s Institute of Engineering & Technology,"tsnarayana2001@gmail.com, vvrl_gangadhar@yahoo.com, principal.slc@gmail.com"
Spoorthy Engineering College,"secretary@spoorthyengg.ac.in, principal@spoorthyengg.ac.in, mvsr_prasad_2000@yahoo.com"
Spring Fields Engineering College,"sfec.mngt@gmail.com, alemsiddiqui.aaa@gmail.com"
Sree Chaitanya College of Engineering,"scce.principal@gmail.com, ganta_hmp@rediffmail.com"